<?xml version="1.0" encoding="UTF-8"?>
<project-private xmlns="http://www.netbeans.org/ns/project-private/1">
    <editor-bookmarks xmlns="http://www.netbeans.org/ns/editor-bookmarks/2" lastBookmarkId="0"/>
    <open-files xmlns="http://www.netbeans.org/ns/projectui-open-files/2">
        <group>
            <file>file:/F:/www/git/ppphp/app/lib/url.class.php</file>
            <file>file:/F:/www/git/ppphp/app/lib/input.class.php</file>
            <file>file:/F:/www/git/ppphp/Core/smarty/plugins/modifier.url.php</file>
            <file>file:/F:/www/git/ppphp/index.php</file>
            <file>file:/F:/www/git/ppphp/app/lib/arg.class.php</file>
            <file>file:/F:/www/git/ppphp/app/c/c_home.php</file>
            <file>file:/F:/www/git/ppphp/app/view/index.tpl</file>
            <file>file:/F:/www/git/ppphp/Core/ppphp.class.php</file>
        </group>
    </open-files>
</project-private>
